<?xml version="1.0" encoding="UTF-8"?>
<updates>
	<update>
		<name>JComments</name>
		<description>JComments lets your users comment on content items</description>
		<element>com_jcomments</element>
		<type>component</type>
		<version>4.0.1</version>
		<infourl title="JComments">https://github.com/exstreme/Jcomments-Recaptcha2</infourl>
		<downloads>
			<downloadurl type="full" format="zip">https://github.com/exstreme/Jcomments-4/raw/Develop/com_jcomments_v4.0.1.zip</downloadurl>
		</downloads>
		<tags>
			<tag>Stable</tag>
		</tags>
		<maintainer>smart</maintainer>
		<maintainerurl>http://www.joomlatune.ru</maintainerurl>
		<section></section>
		<client_id>1</client_id>
		<targetplatform name="joomla" version="4.[0123456789]|10"/>
	</update>				
</updates>