<?xml version="1.0" encoding="utf-8"?>
<extension type="plugin" group="editors-xtd" method="upgrade">
	<name>plg_editors-xtd_jcommentsoff</name>
	<creationDate>15/08/2018</creationDate>
	<author>smart</author>
	<copyright>Copyright 2006-2018 JoomlaTune.ru All rights reserved!</copyright>
	<authorEmail>smart@joomlatune.ru</authorEmail>
	<authorUrl>http://www.joomlatune.ru</authorUrl>
	<license>http://www.gnu.org/copyleft/gpl.html GNU/GPL</license>
	<version>2.0</version>
	<description>PLG_EDITORS-XTD_JCOMMENTSOFF_XML_DESCRIPTION</description>
	<files>
		<filename plugin="jcommentsoff">jcommentsoff.php</filename>
	</files>
	<languages>
		<language tag="en-GB">language/en-GB/plg_editors-xtd_jcommentsoff.ini</language>
		<language tag="en-GB">language/en-GB/plg_editors-xtd_jcommentsoff.sys.ini</language>
		<language tag="ru-RU">language/ru-RU/plg_editors-xtd_jcommentsoff.ini</language>
		<language tag="ru-RU">language/ru-RU/plg_editors-xtd_jcommentsoff.sys.ini</language>
	</languages>
</extension>
