<?xml version="1.0" encoding="utf-8"?>
<extension type="plugin" group="editors-xtd" method="upgrade">
	<name>plg_editors-xtd_jcommentsoff</name>
	<creationDate>August 2018</creationDate>
	<copyright>2006-2022 by Sergey M. Litvinov and exstreme and Vladimir Globulopolis</copyright>
	<authorUrl>https://github.com/exstreme/Jcomments-4</authorUrl>
	<license>https://www.gnu.org/copyleft/gpl.html GNU/GPL</license>
	<version>4.0.1</version>
	<description>PLG_EDITORS-XTD_JCOMMENTSOFF_XML_DESCRIPTION</description>

	<files>
		<filename plugin="jcommentsoff">jcommentsoff.php</filename>
	</files>

	<languages>
		<language tag="en-GB">language/en-GB/plg_editors-xtd_jcommentsoff.ini</language>
		<language tag="en-GB">language/en-GB/plg_editors-xtd_jcommentsoff.sys.ini</language>
		<language tag="fr-FR">language/fr-FR/plg_editors-xtd_jcommentsoff.ini</language>
		<language tag="fr-FR">language/fr-FR/plg_editors-xtd_jcommentsoff.sys.ini</language>
		<language tag="ru-RU">language/ru-RU/plg_editors-xtd_jcommentsoff.ini</language>
		<language tag="ru-RU">language/ru-RU/plg_editors-xtd_jcommentsoff.sys.ini</language>
	</languages>
</extension>
