<?xml version="1.0" encoding="utf-8"?>
<extension type="plugin" group="extension" method="upgrade">
	<name>plg_extension_jcomments</name>
	<creationDate>December 2021</creationDate>
	<author>Vladimir</author>
	<license>https://www.gnu.org/copyleft/gpl.html GNU/GPL</license>
	<version>4.0</version>
	<description>PLG_EXTENSION_JCOMMENTS_XML_DESCRIPTION</description>
	<files>
		<filename plugin="jcomments">jcomments.php</filename>
	</files>
	<languages>
		<language tag="en-GB">language/en-GB/plg_extension_jcomments.sys.ini</language>
		<language tag="ru-RU">language/ru-RU/plg_extension_jcomments.sys.ini</language>
	</languages>
</extension>
