<?xml version="1.0" encoding="utf-8"?>
<extension type="plugin" group="content" method="upgrade">
	<name>plg_content_jcomments</name>
	<creationDate>December 2021</creationDate>
	<author>JComments team</author>
	<copyright>2006-2022 by Sergey M. Litvinov and exstreme and Vladimir Globulopolis</copyright>
	<authorUrl>https://github.com/exstreme/Jcomments-4</authorUrl>
	<license>https://www.gnu.org/copyleft/gpl.html GNU/GPL</license>
	<version>4.0.0</version>
	<description>PLG_CONTENT_JCOMMENTS_XML_DESCRIPTION</description>

	<files>
		<filename plugin="jcomments">jcomments.php</filename>
		<folder>layouts</folder>
	</files>

	<languages folder="admin">
		<language tag="en-GB">language/en-GB/plg_content_jcomments.ini</language>
		<language tag="en-GB">language/en-GB/plg_content_jcomments.sys.ini</language>
		<language tag="en-GB">language/ru-RU/plg_content_jcomments.ini</language>
		<language tag="en-GB">language/ru-RU/plg_content_jcomments.sys.ini</language>
	</languages>

	<config>
		<fields name="params">
			<fieldset name="basic">
				<field
						name="link_read_comments"
						type="radio"
						default="1"
						layout="joomla.form.field.radio.switcher"
						label="PLG_CONTENT_JCOMMENTS_FIELD_COMMENTSLINK_LABEL"
						description="PLG_CONTENT_JCOMMENTS_FIELD_COMMENTSLINK_DESC"
				>
					<option value="0">JHIDE</option>
					<option value="1">JSHOW</option>
				</field>
				<field
						name="link_add_comment"
						type="radio"
						default="1"
						layout="joomla.form.field.radio.switcher"
						label="PLG_CONTENT_JCOMMENTS_FIELD_ADDCOMMENTLINK_LABEL"
						description="PLG_CONTENT_JCOMMENTS_FIELD_ADDCOMMENTLINK_DESC"
				>
					<option value="0">JHIDE</option>
					<option value="1">JSHOW</option>
				</field>
				<field
						name="links_position"
						type="list"
						default="1"
						label="PLG_CONTENT_JCOMMENTS_FIELD_LINKSPOSITION_LABEL"
						description="PLG_CONTENT_JCOMMENTS_FIELD_LINKSPOSITION_DESC"
				>
					<option value="before">PLG_CONTENT_JCOMMENTS_VALUE_BEFORE_ARTICLE</option>
					<option value="after">PLG_CONTENT_JCOMMENTS_VALUE_AFTER_ARTICLE</option>
				</field>
				<field
						name="show_frontpage"
						type="radio"
						default="1"
						class="btn-group btn-group-yesno"
						label="PLG_CONTENT_JCOMMENTS_FIELD_COMMENTSFORFEATURED_LABEL"
						description="PLG_CONTENT_JCOMMENTS_FIELD_COMMENTSFORFEATURED_DESC"
				>
					<option value="1">JYES</option>
					<option value="0">JNO</option>
				</field>
				<field
						name="enable_for_archived"
						type="radio"
						default="0"
						class="btn-group btn-group-yesno"
						label="PLG_CONTENT_JCOMMENTS_FIELD_COMMENTSFORARCHIVED_LABEL"
						description="PLG_CONTENT_JCOMMENTS_FIELD_COMMENTSFORARCHIVED_DESC"
				>
					<option value="1">JYES</option>
					<option value="0">JNO</option>
				</field>
				<field
						name="show_comments_event"
						type="list"
						default="onContentAfterDisplay"
						label="PLG_CONTENT_JCOMMENTS_FIELD_CONTENTEVENT_LABEL"
						description="PLG_CONTENT_JCOMMENTS_FIELD_CONTENTEVENT_DESC"
				>
					<option value="onContentBeforeDisplay">onContentBeforeDisplay</option>
					<option value="onContentAfterDisplay">onContentAfterDisplay</option>
				</field>
			</fieldset>
		</fields>
	</config>
</extension>
